{
  "causal_impact": {
    "causal_effect": [
      [
        1.9116327166557312e-05,
        -7.2605907917022705e-06,
        -3.0360184609889984e-05,
        0.0006251689046621323,
        7.063988596200943e-05,
        -7.815752178430557e-05,
        9.449198842048645e-06,
        2.7175061404705048e-05,
        -7.068179547786713e-05,
        -5.960371345281601e-05,
        -7.783342152833939e-05,
        -7.008109241724014e-05,
        1.1031515896320343e-05,
        0.00012635160237550735,
        -2.8990209102630615e-05,
        2.0963139832019806e-05,
        -3.232154995203018e-05,
        -7.222499698400497e-05,
        6.207358092069626e-05,
        4.2693689465522766e-05,
        0.0001431722193956375,
        5.6928955018520355e-05,
        -4.214979708194733e-05,
        -0.00010409392416477203,
        -2.516433596611023e-05,
        3.5033561289310455e-05
      ]
    ],
    "mean_causal_effect": 2.1187481252127327e-05,
    "max_causal_effect": 0.0006251689046621323,
    "correlation_with_weak_signal": 0.0,
    "external_signal_probability": [
      [
        0.24327005445957184,
        0.23959705233573914,
        0.25527793169021606,
        0.2699688673019409,
        0.2542797327041626,
        0.25340768694877625,
        0.24956220388412476,
        0.2549850344657898,
        0.264275461435318,
        0.2841655910015106,
        0.2537040114402771,
        0.2423078566789627,
        0.23518621921539307,
        0.24845817685127258,
        0.24010969698429108,
        0.22844982147216797,
        0.2478795051574707,
        0.2565332353115082,
        0.24240893125534058,
        0.24442000687122345,
        0.2359883189201355,
        0.25094178318977356,
        0.24553290009498596,
        0.2653670012950897,
        0.22634916007518768,
        0.2406560182571411
      ]
    ],
    "original_forecast": [
      [
        0.01331478450447321,
        0.015056955628097057,
        0.014043672010302544,
        0.014781838282942772,
        0.014245929196476936,
        0.014061350375413895,
        0.014777714386582375,
        0.014556515030562878,
        0.015816474333405495,
        0.014217511750757694,
        0.015416118316352367,
        0.015026826411485672,
        0.013748535886406898,
        0.014615071937441826,
        0.015765661373734474,
        0.014014995656907558,
        0.013919920660555363,
        0.014515296556055546,
        0.014529886655509472,
        0.013941354118287563,
        0.014599369838833809,
        0.01417528372257948,
        0.014007515273988247,
        0.015050601214170456,
        0.012790312990546227,
        0.013805980794131756
      ]
    ],
    "no_weak_forecast": [
      [
        0.013295668177306652,
        0.01506421621888876,
        0.014074032194912434,
        0.01415666937828064,
        0.014175289310514927,
        0.0141395078971982,
        0.014768265187740326,
        0.014529339969158173,
        0.015887156128883362,
        0.01427711546421051,
        0.015493951737880707,
        0.015096907503902912,
        0.013737504370510578,
        0.014488720335066319,
        0.015794651582837105,
        0.013994032517075539,
        0.013952242210507393,
        0.01458752155303955,
        0.014467813074588776,
        0.01389866042882204,
        0.014456197619438171,
        0.014118354767560959,
        0.014049665071070194,
        0.015154695138335228,
        0.012815477326512337,
        0.013770947232842445
      ]
    ],
    "original_correction": [
      [
        -0.0009265255066566169,
        0.0008035687496885657,
        -0.0002193788532167673,
        0.0005110546480864286,
        -3.104056668234989e-05,
        -0.00022056943271309137,
        0.0004918347112834454,
        0.0002674665302038193,
        0.0015248908894136548,
        -7.609905151184648e-05,
        0.001120884669944644,
        0.0007302943849936128,
        -0.000549034564755857,
        0.0003166713286191225,
        0.0014665961498394608,
        -0.00028460187604650855,
        -0.00038010190473869443,
        0.00021493351960089058,
        0.00022925173107068986,
        -0.0003594986628741026,
        0.00029834226006641984,
        -0.00012588294339366257,
        -0.0002937627141363919,
        0.0007492341101169586,
        -0.001511125941760838,
        -0.0004955149488523602
      ]
    ],
    "no_weak_correction": [
      [
        -0.0009456416592001915,
        0.0008108291076496243,
        -0.00018901820294559002,
        -0.00011411360173951834,
        -0.00010168065637117252,
        -0.00014241266762837768,
        0.00048238481394946575,
        0.0002402912941761315,
        0.0015955724520608783,
        -1.649559271754697e-05,
        0.0011987182078883052,
        0.0008003755938261747,
        -0.00056006561499089,
        0.00019031981355510652,
        0.0014955861261114478,
        -0.0003055648412555456,
        -0.0003477797145023942,
        0.00028715835651382804,
        0.00016717806283850223,
        -0.0004021929344162345,
        0.00015517062274739146,
        -0.0001828123931773007,
        -0.0002516127424314618,
        0.0008533282671123743,
        -0.0014859611401334405,
        -0.0005305488011799753
      ]
    ]
  },
  "signal_sensitivity": {
    "sensitivity_results": [
      {
        "signal_value": 0.0,
        "forecast_mean": 0.014386961236596107,
        "forecast_std": 0.0007971488521434367,
        "forecast": [
          [
            0.013110879808664322,
            0.015191981568932533,
            0.014013964682817459,
            0.014804909937083721,
            0.014205379411578178,
            0.014006544835865498,
            0.014781953766942024,
            0.014494668692350388,
            0.01605905219912529,
            0.014231313951313496,
            0.015574566088616848,
            0.015236256644129753,
            0.013658215291798115,
            0.014589762315154076,
            0.01596749573945999,
            0.013981477357447147,
            0.013861184939742088,
            0.014595668762922287,
            0.014446311630308628,
            0.013735802844166756,
            0.014499107375741005,
            0.014091900549829006,
            0.013885381631553173,
            0.014693138189613819,
            0.012615475803613663,
            0.013728616759181023
          ]
        ]
      },
      {
        "signal_value": 0.1111111111111111,
        "forecast_mean": 0.014408359304070473,
        "forecast_std": 0.0007783220498822629,
        "forecast": [
          [
            0.013169396668672562,
            0.015151160769164562,
            0.014034426771104336,
            0.014821335673332214,
            0.014195979572832584,
            0.014050331898033619,
            0.014780139550566673,
            0.014502671547234058,
            0.01600687764585018,
            0.014239751733839512,
            0.01555386558175087,
            0.015193670056760311,
            0.013684303499758244,
            0.014590618200600147,
            0.015920091420412064,
            0.013984562829136848,
            0.013893005438148975,
            0.01459234207868576,
            0.014450879767537117,
            0.013786403462290764,
            0.014483923092484474,
            0.014099957421422005,
            0.01393634919077158,
            0.015074065886437893,
            0.012677688151597977,
            0.013743535615503788
          ]
        ]
      },
      {
        "signal_value": 0.2222222222222222,
        "forecast_mean": 0.014414736069738865,
        "forecast_std": 0.0007556839263997972,