series_id,mse,mae,mase
br_female_outerwear_0,7.872781244910237e-05,0.007908560794848597,2.7014721500217105
br_female_outerwear_1,5.157921440756452e-05,0.005879144748922469,1.3417998725176035
br_female_outerwear_2,6.944982818164333e-06,0.002099889339889002,0.5233177941296099
br_female_outerwear_3,7.009390168660675e-05,0.008020198943530683,2.7315683400876094
br_female_outerwear_4,0.0003034356526893754,0.016871501179096957,2.971376454025669
