{
  "causal_impact": {
    "causal_effect": [
      [
        2.3313798010349274e-05,
        -6.96815550327301e-06,
        -2.228468656539917e-05,
        0.0006796550005674362,
        6.176158785820007e-05,
        -6.90435990691185e-05,
        8.315779268741608e-06,
        2.7066096663475037e-05,
        -7.392838597297668e-05,
        -4.300009459257126e-05,
        -7.752887904644012e-05,
        -7.368158549070358e-05,
        1.4016404747962952e-05,
        0.0001328764483332634,
        -2.9099173843860626e-05,
        2.4275854229927063e-05,
        -1.1162832379341125e-05,
        -6.742589175701141e-05,
        6.04335218667984e-05,
        4.8706308007240295e-05,
        0.00013825949281454086,
        5.601812154054642e-05,
        -3.529898822307587e-05,
        -7.459614425897598e-05,
        -2.04574316740036e-05,
        3.2959505915641785e-05
      ]
    ],
    "mean_causal_effect": 2.7045463866670616e-05,
    "max_causal_effect": 0.0006796550005674362,
    "correlation_with_weak_signal": 0.0,
    "external_signal_probability": [
      [
        0.24359016120433807,
        0.2400200366973877,
        0.2546393871307373,
        0.27043160796165466,
        0.2536119222640991,
        0.25368618965148926,
        0.24982047080993652,
        0.2550855576992035,
        0.26419657468795776,
        0.28493747115135193,
        0.2532917559146881,
        0.2426491677761078,
        0.23518617451190948,
        0.24861308932304382,
        0.24063712358474731,
        0.22826950252056122,
        0.2484445571899414,
        0.2565728425979614,
        0.24229565262794495,
        0.24386698007583618,
        0.2366318553686142,
        0.25125229358673096,
        0.24438241124153137,
        0.2652532458305359,
        0.2261120229959488,
        0.24016214907169342
      ]
    ],
    "original_forecast": [
      [
        0.008962295949459076,
        0.01083667017519474,
        0.009822609834372997,
        0.010664239525794983,
        0.010090685449540615,
        0.009940232150256634,
        0.010695625096559525,
        0.01048095989972353,
        0.011805262416601181,
        0.010187238454818726,
        0.011402882635593414,
        0.011014211922883987,
        0.009694740176200867,
        0.01058228500187397,
        0.011796621605753899,
        0.00998029112815857,
        0.009890223853290081,
        0.010497969575226307,
        0.01050484273582697,
        0.009877800941467285,
        0.01056603342294693,
        0.010145154781639576,
        0.009962995536625385,
        0.011074989102780819,
        0.008723047561943531,
        0.009759493172168732
      ]
    ],
    "no_weak_forecast": [
      [
        0.008938982151448727,
        0.010843638330698013,
        0.009844894520938396,
        0.009984584525227547,
        0.010028923861682415,
        0.010009275749325752,
        0.010687309317290783,
        0.010453893803060055,
        0.011879190802574158,
        0.010230238549411297,
        0.011480411514639854,
        0.011087893508374691,
        0.009680723771452904,
        0.010449408553540707,
        0.01182572077959776,
        0.009956015273928642,
        0.009901386685669422,
        0.010565395466983318,
        0.01044440921396017,
        0.009829094633460045,
        0.010427773930132389,
        0.01008913666009903,
        0.009998294524848461,
        0.011149585247039795,
        0.008743504993617535,
        0.00972653366625309
      ]
    ],
    "original_correction": [
      [
        -0.0009738632361404598,
        0.0008296247106045485,
        -0.00024114482221193612,
        0.0005551176727749407,
        -5.4729658586438745e-05,
        -0.00023421848891302943,
        0.0004979468649253249,
        0.0002646999491844326,
        0.0015741364331915975,
        -5.578058335231617e-05,
        0.0011503489222377539,
        0.0007540665101259947,
        -0.0005714936414733529,
        0.00031117978505790234,
        0.0015216191532090306,
        -0.0002978282864205539,
        -0.0003903896431438625,
        0.00021536128770094365,
        0.0002206381323048845,
        -0.00040768133476376534,
        0.0002795295440591872,
        -0.00014216650743037462,
        -0.0003249795990996063,
        0.000786490854807198,
        -0.0015658687334507704,
        -0.000529757933691144
      ]
    ],
    "no_weak_correction": [
      [
        -0.0009971772087737918,
        0.0008365928661078215,
        -0.00021885946625843644,
        -0.00012453766248654574,
        -0.00011649133375613019,
        -0.00016517448239028454,
        0.0004896303871646523,
        0.0002376338525209576,
        0.0016480643535032868,
        -1.2780481483787298e-05,
        0.0012278776848688722,
        0.0008277479792013764,
        -0.0005855101626366377,
        0.00017830400611273944,
        0.001550718559883535,
        -0.00032210408244282007,
        -0.00037922742194496095,
        0.000282786728348583,
        0.0001602039410499856,
        -0.0004563884576782584,
        0.00014127037138678133,
        -0.0001981841924134642,
        -0.0002896804944612086,
        0.0008610871154814959,
        -0.0015454114181920886,
        -0.000562717323191464
      ]
    ]
  },
  "signal_sensitivity": {
    "sensitivity_results": [
      {
        "signal_value": 0.0,
        "forecast_mean": 0.01031514536589384,
        "forecast_std": 0.0008103573927655816,
        "forecast": [
          [
            0.008800216019153595,
            0.01094000693410635,
            0.00979689508676529,
            0.010656433179974556,
            0.010062286630272865,
            0.009908351115882397,
            0.010692242532968521,
            0.010434907861053944,
            0.01199889462441206,
            0.010176895186305046,
            0.011538302525877953,
            0.011191817931830883,
            0.009609995409846306,
            0.010552678257226944,
            0.011951790191233158,
            0.0099526047706604,
            0.009841072373092175,
            0.0105630774050951,
            0.010434319265186787,
            0.009711901657283306,
            0.010476155206561089,
            0.010076523758471012,
            0.009864678606390953,
            0.010687357746064663,
            0.008583029732108116,
            0.009691346436738968
          ]
        ]
      },
      {
        "signal_value": 0.1111111111111111,
        "forecast_mean": 0.010335167869925499,
        "forecast_std": 0.0008010330493561924,
        "forecast": [
          [
            0.008841738104820251,
            0.010910915210843086,
            0.009812187403440475,
            0.010673776268959045,
            0.010052320547401905,
            0.009939901530742645,
            0.010692860931158066,
            0.010438729077577591,
            0.011964916251599789,
            0.010187438689172268,
            0.011524952948093414,
            0.01116097066551447,
            0.009631446562707424,
            0.010555381886661053,
            0.011919461190700531,
            0.009953082539141178,
            0.009866595268249512,
            0.010562637820839882,
            0.010435898788273335,
            0.009746581315994263,
            0.010461678728461266,
            0.010079980827867985,
            0.009902801364660263,
            0.011066566221415997,
            0.008629366755485535,
            0.009702179580926895
          ]
        ]
      },
      {
        "signal_value": 0.2222222222222222,
        "forecast_mean": 0.010340162552893162,
        "forecast_std": 0.000785403826739639,